S/N,Keyword,Relevancy,Min Monthly Volume,Max Monthly Volume,Specific Monthly Volume
1,best secondary schools in lagos,5,0,10,0
2,best secondary schools in lagos nigeria,5,n/a,n/a,n/a
3,best secondary schools in lagos state,5,n/a,n/a,n/a
4,best secondary schools in lagos 2017,5,n/a,n/a,n/a
5,private secondary schools in lagos mainland,5,n/a,n/a,n/a
6,list of secondary schools in lagos,5,n/a,n/a,n/a
7,top 50 secondary schools in lagos,5,n/a,n/a,n/a
8,secondary schools in lagos,5,n/a,n/a,n/a
9,public secondary schools in lagos state,5,n/a,n/a,n/a
10,top 100 secondary schools in lagos state,5,n/a,n/a,n/a
11,list of public secondary schools in lagos state,5,n/a,n/a,n/a
12,best secondary school in lagos,5,0,10,0
13,private secondary schools in lagos,5,n/a,n/a,n/a
14,best secondary schools in lagos 2018,5,n/a,n/a,n/a
15,list of secondary schools in lagos nigeria,5,n/a,n/a,n/a
16,best schools in lagos,5,n/a,n/a,n/a
17,best public secondary school in lagos state,5,n/a,n/a,n/a
18,list of private secondary schools in lagos state,5,n/a,n/a,n/a
19,affordable secondary schools in lagos,5,n/a,n/a,n/a
20,best boarding schools in lagos,5,n/a,n/a,n/a
,names of public secondary schools in lagos state,5,n/a,n/a,n/a
,best secondary schools in nigeria,5,0,10,0
,list of private primary schools in lagos,5,0,10,0
,top 50 best secondary schools in nigeria,5,n/a,n/a,n/a
,directory of private schools in lagos,5,n/a,n/a,n/a
,list of best secondary schools in nigeria,5,n/a,n/a,n/a
,best secondary schools in nigeria 2018,5,n/a,n/a,n/a
,schools in lagos,5,11,50,27.24240562
,top 20 secondary schools in nigeria,5,n/a,n/a,n/a
,best secondary school in nigeria 2018,5,n/a,n/a,n/a
,top 10 secondary schools in nigeria,5,n/a,n/a,n/a
,most expensive schools in lagos,5,0,10,0
,best schools in nigeria,5,n/a,n/a,n/a
,list of private secondary schools in nigeria,5,0,10,0
,best government secondary school in nigeria,5,n/a,n/a,n/a
,good secondary schools in lagos,5,n/a,n/a,n/a
,top ten secondary schools in nigeria,5,n/a,n/a,n/a
,top secondary schools in nigeria,5,0,10,0
,top 100 most expensive secondary schools in nigeria,5,n/a,n/a,n/a
,best catholic schools in nigeria,5,n/a,n/a,n/a
,top private secondary schools in nigeria,5,n/a,n/a,n/a
,list of secondary schools in nigeria,5,0,10,1
,schools in lagos nigeria,5,0,10,0
,top secondary schools in lagos,5,n/a,n/a,n/a
,top 200 best schools in nigeria,5,0,10,0
,top private secondary schools in lagos,5,n/a,n/a,n/a
,lagos schools online,5,n/a,n/a,n/a
,top 10 secondary schools in lagos,5,n/a,n/a,n/a
,top 20 secondary schools in lagos,5,n/a,n/a,n/a
,secondary schools in lagos state,5,n/a,n/a,n/a
,secondary schools rating in nigeria,5,n/a,n/a,n/a
,lagos school,5,0,10,0
,top 10 best secondary schools in lagos,5,n/a,n/a,n/a
,best private schools in lagos,5,n/a,n/a,n/a
,cheap secondary schools in lagos,5,n/a,n/a,n/a
,top 10 best secondary schools in ikorodu,5,n/a,n/a,n/a
,top 10 best public secondary school in lagos state,5,n/a,n/a,n/a
,list of private secondary schools in lagos,5,0,10,0
,secondary schools in nigeria lagos,5,n/a,n/a,n/a
,best secondary school in lagos state,5,n/a,n/a,n/a
,top 10 schools in lagos,5,n/a,n/a,n/a
,top schools in lagos,5,0,10,0
,top private schools in lagos,5,n/a,n/a,n/a
,list of most expensive secondary schools in lagos,5,0,10,0
,list of secondary schools in lagos state,5,0,10,0
,email addresses of private schools in lagos,5,0,10,0
,best primary schools in lagos,5,n/a,n/a,n/a
,private secondary schools in lagos nigeria,5,0,10,0
,corona secondary school fees,5,n/a,n/a,n/a
,turkish international school fees,5,n/a,n/a,n/a
,private secondary schools in nigeria,5,n/a,n/a,n/a
,top 20 federal secondary schools in nigeria,5,n/a,n/a,n/a
,which secondary school is the most expensive in nigeria?,5,n/a,n/a,n/a
,what is the name of the best secondary school in nigeria?,5,n/a,n/a,n/a
,what is the name of the best school in lagos state?,5,n/a,n/a,n/a
,what is the most expensive school in nigeria?,5,n/a,n/a,n/a
,names and addresses of private secondary schools in lagos,5,n/a,n/a,n/a
,big private schools in lagos,5,n/a,n/a,n/a
,list of government secondary schools in lagos state,5,n/a,n/a,n/a
,secondary school in nigeria,5,n/a,n/a,n/a
,most expensive schools in port harcourt,5,0,10,0
,best schools in lagos state,5,n/a,n/a,n/a
,best schools in lagos nigeria,5,n/a,n/a,n/a
,secondary schools in lagos nigeria,5,n/a,n/a,n/a
,list of private schools in lagos state,5,0,10,0
,list of private schools in lagos and their addresses,5,n/a,n/a,n/a
,secondary schools in lagos island,5,n/a,n/a,n/a
,list of secondary schools in lagos and their addresses,5,n/a,n/a,n/a
,primary school fees in lagos,5,n/a,n/a,n/a
,corona primary school fees,5,0,10,0
,secondary schools in lagos state nigeria,5,n/a,n/a,n/a
,list of private secondary schools in lagos state nigeria,5,n/a,n/a,n/a
,list of schools in lagos state,5,n/a,n/a,n/a
,email addresses of schools in lagos,5,n/a,n/a,n/a
,secondary school in lagos,5,n/a,n/a,n/a
,lagos private schools,5,0,10,0
,high schools in lagos,5,n/a,n/a,n/a
,list of schools in lagos,5,n/a,n/a,n/a
,list of private schools in lagos,5,n/a,n/a,n/a
,lagos state secondary schools,5,n/a,n/a,n/a
,boarding school in nigeria,5,0,10,0
,top 200 best secondary schools in lagos,5,n/a,n/a,n/a
,best secondary schools in lagos mainland,5,n/a,n/a,n/a
,international secondary schools in lagos,5,n/a,n/a,n/a
,secondary schools in ikeja lagos,5,n/a,n/a,n/a
,list of private schools in lagos nigeria,5,n/a,n/a,n/a
,list of private schools in lagos state nigeria,5,n/a,n/a,n/a
,best private secondary schools in nigeria,4,0,10,0
,top 10 most expensive schools in ogun state,4,n/a,n/a,n/a
,best secondary schools in rivers state,4,0,10,0
,private schools in lagos,4,n/a,n/a,n/a
,top 20 private secondary schools in nigeria,4,n/a,n/a,n/a
,list of international schools in lagos,4,n/a,n/a,n/a
,top 100 best secondary schools in nigeria,4,n/a,n/a,n/a
,list of the best secondary schools in nigeria,4,n/a,n/a,n/a
,10 best secondary schools in nigeria,4,n/a,n/a,n/a
,best secondary schools nigeria,4,n/a,n/a,n/a
,10 best secondary school in nigeria,4,n/a,n/a,n/a
,most expensive school in ibadan,4,n/a,n/a,n/a
,schools in lagos state,4,0,10,0
,public schools in lagos state,4,n/a,n/a,n/a
,list of primary schools in lagos,4,n/a,n/a,n/a
,list of schools in lagos state nigeria,4,n/a,n/a,n/a
,school in lagos state,4,n/a,n/a,n/a
,grange school lagos fees,4,n/a,n/a,n/a
,100 best secondary school in nigeria,4,n/a,n/a,n/a
,100 best secondary schools in nigeria,4,n/a,n/a,n/a
,secondary schools in nigeria,4,0,10,0
,top 10 secondary schools in nigeria 2012,4,n/a,n/a,n/a
,top 10 secondary school in nigeria,4,n/a,n/a,n/a
,best secondary school in nigeria,4,n/a,n/a,n/a
,list of school in lagos,4,n/a,n/a,n/a
,list of secondary school in lagos,3,n/a,n/a,n/a
,list of private secondary school in lagos,3,n/a,n/a,n/a
,the hundred best secondary schools in nigeria,3,n/a,n/a,n/a
,best schools in nigeria 2017,3,n/a,n/a,n/a
,corona secondary school lagos,3,0,10,0
,schools lagos,3,n/a,n/a,n/a
,lagos state private schools,3,n/a,n/a,n/a
,schools lagos nigeria,3,n/a,n/a,n/a
,nigerian schools in lagos,3,n/a,n/a,n/a
,private primary schools in maryland lagos,3,n/a,n/a,n/a
,secondary school in lagos state,3,n/a,n/a,n/a
,schools in lagos ikeja,3,n/a,n/a,n/a
,schools with best waec results in nigeria 2017,3,0,10,0
,lagos schools,3,n/a,n/a,n/a
,best secondary school in nigeria according to waec,3,0,10,0
,top 100 primary schools in nigeria,3,n/a,n/a,n/a
,lagos state schools,3,n/a,n/a,n/a
,public schools in lagos,3,n/a,n/a,n/a
,lagos state schools online,3,n/a,n/a,n/a
,schools in nigeria lagos,3,n/a,n/a,n/a
,schools in lagos state nigeria,3,n/a,n/a,n/a
,schools in nigeria lagos state,3,0,10,0
,list of primary schools in lagos state,3,n/a,n/a,n/a
,private schools in nigeria lagos,3,n/a,n/a,n/a
,private primary schools in victoria island lagos,3,n/a,n/a,n/a
,ranking of secondary schools in nigeria,3,n/a,n/a,n/a
,best boarding schools in nigeria,3,0,10,0
,top 20 best public secondary school in ogun state,3,n/a,n/a,n/a
,catholic secondary schools in ogun state,3,n/a,n/a,n/a
,corona secondary school lekki,3,n/a,n/a,n/a
,private primary schools in lagos,3,n/a,n/a,n/a
,list of private nursery and primary schools in lagos state,3,n/a,n/a,n/a
,best catholic secondary schools in nigeria,3,n/a,n/a,n/a
,best private secondary school in nigeria,3,n/a,n/a,n/a
,list of best private secondary schools in nigeria,3,n/a,n/a,n/a
,best secondary schools in abuja,3,n/a,n/a,n/a
,children's international school lagos fees,3,n/a,n/a,n/a
,best private secondary schools in lagos,3,n/a,n/a,n/a
,list of private schools in ikeja,3,n/a,n/a,n/a
,top nigerian secondary schools,3,n/a,n/a,n/a
,nigerian secondary schools,3,n/a,n/a,n/a
,nigeria secondary schools,3,n/a,n/a,n/a
,secondary school nigeria,3,0,10,0
,nigeria secondary school,3,0,10,0
,best government secondary schools in abuja,3,n/a,n/a,n/a
,top secondary schools in lagos nigeria,3,n/a,n/a,n/a
,christian boarding schools in nigeria,3,n/a,n/a,n/a
,list of boarding schools in nigeria,3,n/a,n/a,n/a
,school in lagos nigeria,3,n/a,n/a,n/a
,list of schools in epe,3,n/a,n/a,n/a
,best schools in lagos state 2013,3,n/a,n/a,n/a
,private secondary schools in surulere lagos,3,n/a,n/a,n/a
,international schools in lagos,3,n/a,n/a,n/a
,school in lagos,3,n/a,n/a,n/a
,school lagos,3,n/a,n/a,n/a
,school lagos nigeria,3,0,10,0
,cms grammar school fees,3,n/a,n/a,n/a
,the oldest secondary school in nigeria,3,n/a,n/a,n/a
,best secondary school in enugu state nigeria,3,n/a,n/a,n/a
,the oldest school in nigeria,3,n/a,n/a,n/a
,oldest secondary school in nigeria,3,n/a,n/a,n/a
,best secondary schools in abuja nigeria,3,n/a,n/a,n/a
,top ten best secondary school in anambra state,3,n/a,n/a,n/a
,top 10 secondary schools in anambra state,3,0,10,0
,good secondary schools in abuja,3,n/a,n/a,n/a
,king and queen high school nigeria,3,n/a,n/a,n/a
,which secondary school is the best in nigeria?,3,n/a,n/a,n/a
,which secondary school is the first in nigeria?,3,n/a,n/a,n/a
,which school is the biggest in lagos?,3,n/a,n/a,n/a
,which is the best secondary school in nigeria?,3,n/a,n/a,n/a
,how much is british international school fees?,3,n/a,n/a,n/a
,how much is loyola jesuit school fees?,3,n/a,n/a,n/a
,which is the best school in nigeria?,3,n/a,n/a,n/a
,what is the biggest school in nigeria?,3,n/a,n/a,n/a
,what are the best schools in nigeria?,3,n/a,n/a,n/a
,which school is the best school in nigeria?,3,n/a,n/a,n/a
,is lead city university accredited?,3,n/a,n/a,n/a
,what is the best school in lagos?,3,n/a,n/a,n/a
,how much is lekki british school fees?,3,n/a,n/a,n/a
,which school is best in nigeria?,3,n/a,n/a,n/a
,what is the best secondary school in nigeria?,3,n/a,n/a,n/a
,what is the name of the best school in nigeria?,3,n/a,n/a,n/a
,what is the best private university in nigeria?,3,n/a,n/a,n/a
,what is the best primary school in nigeria?,3,n/a,n/a,n/a
,what is secondary school in nigeria?,3,n/a,n/a,n/a
,how much is the most expensive high school?,3,n/a,n/a,n/a
,what is the best school in nigeria?,3,n/a,n/a,n/a
,who is the best school in nigeria?,3,n/a,n/a,n/a
,which is the most expensive private university in nigeria?,3,n/a,n/a,n/a
,how much is greenspring school fees?,3,n/a,n/a,n/a
,is loyola a jesuit college?,3,n/a,n/a,n/a
,how many schools do we have in nigeria?,3,n/a,n/a,n/a
,how much does the average private high school cost?,3,n/a,n/a,n/a
,which is the first secondary school in nigeria?,3,n/a,n/a,n/a
,what is the meaning of secondary school?,3,0,10,0
,what is secondary school certificate called in nigeria?,3,n/a,n/a,n/a
,what are the levels of education in nigeria?,3,n/a,n/a,n/a
,which school is the biggest in nigeria?,3,n/a,n/a,n/a
,what is a level in nigeria?,3,n/a,n/a,n/a
,who is the founder of chrisland school?,3,n/a,n/a,n/a
,which university is the largest in nigeria?,3,n/a,n/a,n/a
,which is the cheapest private university in nigeria?,3,n/a,n/a,n/a
,what is the most expensive university in the world?,3,n/a,n/a,n/a
,what is the most expensive private university?,3,n/a,n/a,n/a
,what is the education system in nigeria?,3,n/a,n/a,n/a
,how many schools are in lagos?,3,n/a,n/a,n/a
,what is the education in nigeria?,3,n/a,n/a,n/a
,what is high school called in nigeria?,3,n/a,n/a,n/a
,how many schools are in nigeria?,3,n/a,n/a,n/a
,how populous is lagos?,3,n/a,n/a,n/a
,who is the commissioner of education in lagos state?,3,n/a,n/a,n/a
,which school is the best in nigeria?,3,n/a,n/a,n/a
,is lagos state a yoruba land?,3,n/a,n/a,n/a
,how old is lagos state?,3,n/a,n/a,n/a
,what is the importance of lagos?,3,n/a,n/a,n/a
,what language do they speak in lagos?,3,n/a,n/a,n/a
,who is the minister for education in lagos state?,3,n/a,n/a,n/a
,is education free in nigeria?,3,n/a,n/a,n/a
,which university is the oldest in nigeria?,3,n/a,n/a,n/a
,which is the first primary school in nigeria?,3,n/a,n/a,n/a
,who built the first school in nigeria?,3,n/a,n/a,n/a
,what's the meaning of cms?,3,n/a,n/a,n/a
,where was the first primary school in nigeria?,3,n/a,n/a,n/a
,technical schools in lagos,2,n/a,n/a,n/a
,international schools in lagos nigeria,2,n/a,n/a,n/a
,private nursery and primary schools in lagos,2,n/a,n/a,n/a
,boarding schools in lagos nigeria,2,n/a,n/a,n/a
,best secondary schools in lagos 2019,2,n/a,n/a,n/a
,best secondary schools in lagos according to waec,2,n/a,n/a,n/a
,best secondary schools in lagos 2016,2,n/a,n/a,n/a
,best secondary school in lagos island,2,n/a,n/a,n/a
,top secondary schools in lagos mainland,2,n/a,n/a,n/a
,top secondary schools in lagos island,2,n/a,n/a,n/a
,best catholic secondary schools in lagos,2,n/a,n/a,n/a
,best secondary schools in yaba lagos,2,n/a,n/a,n/a
,best government secondary school in lagos,2,n/a,n/a,n/a
,50 best secondary schools in abuja,2,n/a,n/a,n/a
,american international school lagos,2,0,10,0
,private schools in ikeja,2,n/a,n/a,n/a
,private primary schools in ikeja,2,n/a,n/a,n/a
,best federal secondary schools in nigeria,2,n/a,n/a,n/a
,american international school of lagos,2,11,50,16.71429414
,top 10 federal secondary schools in nigeria,2,n/a,n/a,n/a
,british international school lagos,2,0,10,1
,most expensive schools in lagos 2018,2,n/a,n/a,n/a
,top 30 best secondary schools in lagos,2,n/a,n/a,n/a
,list of model colleges in lagos state,2,n/a,n/a,n/a
,total number of private secondary schools in nigeria,2,n/a,n/a,n/a
,atlantic hall school fees,2,n/a,n/a,n/a
,most expensive primary schools in lagos,2,n/a,n/a,n/a
,international schools in nigeria,2,0,10,0
,grange school lagos,2,n/a,n/a,n/a
,missionary secondary schools in lagos,2,n/a,n/a,n/a
,best secondary in lagos state,2,n/a,n/a,n/a
,best school in lagos island,2,n/a,n/a,n/a
,list of public secondary schools in lagos island,2,n/a,n/a,n/a
,schools in nigeria,2,0,10,1
,boarding secondary schools in lagos,2,n/a,n/a,n/a
,top 10 best secondary schools in imo state,2,n/a,n/a,n/a
,list of schools in lagos mainland,2,n/a,n/a,n/a
,top 100 best secondary schools in ibadan,2,n/a,n/a,n/a
,best government secondary school in oyo state,2,n/a,n/a,n/a
,nickdel private school ibadan,2,n/a,n/a,n/a
,top rank nursery and primary school ibadan,2,n/a,n/a,n/a
,lifeforte international school ibadan,2,n/a,n/a,n/a
,greensprings school fees,2,0,10,0
,corona school vacancies,2,n/a,n/a,n/a
,chrisland school fees,2,n/a,n/a,n/a
,best private university in nigeria,2,0,10,0
,top ten private secondary school in nigeria,2,n/a,n/a,n/a
,best public secondary school in ijebu ode,2,n/a,n/a,n/a
,british international school lagos vacancy,2,n/a,n/a,n/a
,american international school lagos fees,2,0,10,0
,bis school fees,2,n/a,n/a,n/a
,waec ranking of secondary schools in nigeria 2017,2,n/a,n/a,n/a
,top 10 best government secondary school in nigeria,2,n/a,n/a,n/a
,schools in lekki,2,0,10,0
,avi-cenna international school,2,0,10,0
,best boarding schools in port harcourt,2,n/a,n/a,n/a
,list of private boarding secondary schools in lagos,2,n/a,n/a,n/a
,list of private secondary schools in ikoyi lagos,2,n/a,n/a,n/a
,what is junior secondary school,2,0,10,0
,history of junior secondary school curriculum development in nigeria,2,n/a,n/a,n/a
,development of secondary education in nigeria,2,n/a,n/a,n/a
,evolution of junior secondary school in nigeria,2,n/a,n/a,n/a
,education system in nigeria pdf,2,n/a,n/a,n/a
,nigerian curriculum for secondary schools,2,n/a,n/a,n/a
,catholic secondary schools in abuja,2,n/a,n/a,n/a
,top 100 best schools in abuja,2,n/a,n/a,n/a
,best primary schools in abuja,2,0,10,0
,private schools in nigeria,2,0,10,0
,private universities in nigeria,2,0,10,0
,number of private primary schools in nigeria,2,n/a,n/a,n/a
,top 100 primary schools in lagos,2,n/a,n/a,n/a
,best schools in ogun state,2,n/a,n/a,n/a
,international school lagos,2,n/a,n/a,n/a
,list of lagos state public primary schools,2,n/a,n/a,n/a
,list of public secondary schools in ikorodu,2,n/a,n/a,n/a
,top 20 most expensive schools in lagos,2,n/a,n/a,n/a
,best school in lagos nigeria,2,n/a,n/a,n/a
,list of secondary schools in lekki lagos,2,n/a,n/a,n/a
,nigerian turkish international college abuja school fees,2,n/a,n/a,n/a
,turkish international school abuja fees,2,n/a,n/a,n/a
,5o best secondary school in nigeria,2,n/a,n/a,n/a
,charles dale school fees,2,n/a,n/a,n/a
,top private schools in nigeria,2,n/a,n/a,n/a
,list of top private secondary schools in nigeria,2,n/a,n/a,n/a
,british international school nigeria fees,2,n/a,n/a,n/a
,lekki british primary school fees,2,0,10,1
,lekki british junior school fees,2,n/a,n/a,n/a
,british international school lagos school fees,2,n/a,n/a,n/a
,lekki british international school fees,2,n/a,n/a,n/a
,nigerian turkish international school fees,2,n/a,n/a,n/a
,nigerian turkish international college lagos address,2,n/a,n/a,n/a
,ntic fees,2,n/a,n/a,n/a
,nigerian tulip international college kaduna,2,n/a,n/a,n/a
,ntic kano school fees,2,n/a,n/a,n/a
,nigerian tulip international college ogun,2,0,10,0
,grange school fees,2,0,10,0
,most expensive primary schools in abuja,2,n/a,n/a,n/a
,nigerian tulip international school abuja,2,n/a,n/a,n/a
,best primary schools in ibadan,2,n/a,n/a,n/a
,top 10 private secondary schools in ibadan,2,n/a,n/a,n/a
,schools in bodija ibadan,2,n/a,n/a,n/a
,most expensive secondary schools in nigeria,2,0,10,0
,best primary schools in nigeria,2,0,10,0
,charles dale memorial international school,2,0,10,0
,charles dale memorial international school chief victoria or diete spiff,2,n/a,n/a,n/a
,charles dale educare,2,n/a,n/a,n/a
,charles dale school educare,2,n/a,n/a,n/a
,jephthah comprehensive secondary school,2,0,10,0
,brookstone school secondary,2,0,10,0
,list of all private secondary schools in nigeria,2,n/a,n/a,n/a
,top 10 private secondary schools in nigeria,2,n/a,n/a,n/a
,best private universities in nigeria,2,n/a,n/a,n/a
,top 10 best private secondary school in nigeria,2,n/a,n/a,n/a
,top 200 schools in nigeria,2,n/a,n/a,n/a
,list of best public secondary schools in ogun state,2,n/a,n/a,n/a
,boarding schools in ogun state nigeria,2,n/a,n/a,n/a
,federal secondary schools in ogun state,2,n/a,n/a,n/a
,secondary schools in mowe ogun state,2,n/a,n/a,n/a
,20 best secondary school in ogun state,2,n/a,n/a,n/a
,british international school fees,2,n/a,n/a,n/a
,british school abuja,2,n/a,n/a,n/a
,lekki british pre-school fees,2,n/a,n/a,n/a
,who owns lekki british school,2,n/a,n/a,n/a
,greensprings primary school fees,2,n/a,n/a,n/a
,lekki british school eportal,2,n/a,n/a,n/a
,lekki british school owner,2,n/a,n/a,n/a
,rubygold british school,2,n/a,n/a,n/a
,top ten best secondary school in nigeria,2,n/a,n/a,n/a
,top ten catholic schools in lagos,2,n/a,n/a,n/a
,best missionary schools in lagos,2,n/a,n/a,n/a
,list of catholic secondary schools in abuja,2,n/a,n/a,n/a
,st francis catholic secondary school lagos,2,n/a,n/a,n/a
,list of federal government unity schools in nigeria,2,n/a,n/a,n/a
,best federal government secondary schools in nigeria,2,n/a,n/a,n/a
,admission into unity schools in nigeria,2,n/a,n/a,n/a
,top 50 secondary schools in nigeria,2,n/a,n/a,n/a
,history of unity schools in nigeria,2,0,10,0
,meadow hall school fees,2,n/a,n/a,n/a
,top 100 most expensive secondary schools in lagos,2,n/a,n/a,n/a
,most expensive secondary school in nigeria 2018,2,n/a,n/a,n/a
,loyola jesuit college abuja plane crash,2,n/a,n/a,n/a
,loyola jesuit college school fees 2018,2,n/a,n/a,n/a
,loyola jesuit college scholarship,2,n/a,n/a,n/a
,secondary schools in victoria island lagos,2,n/a,n/a,n/a
,catholic secondary schools in lagos,2,n/a,n/a,n/a
,private secondary schools in lagos state,2,n/a,n/a,n/a
,private secondary schools in epe lagos state,2,n/a,n/a,n/a
,top 100 best secondary schools in lagos,2,n/a,n/a,n/a
,top ten best secondary schools in lagos,2,n/a,n/a,n/a
,lekki british school fees,2,0,10,0
,lekki british international school lagos fees,2,n/a,n/a,n/a
,secondary school fees in nigeria,2,n/a,n/a,n/a
,loyola jesuit college school fees 2016,2,n/a,n/a,n/a
,most expensive secondary schools in port harcourt,2,n/a,n/a,n/a
,secondary schools nigeria,2,n/a,n/a,n/a
,nigerian high schools,2,n/a,n/a,n/a
,most expensive primary school in nigeria,2,0,10,0
,best secondary schools in nigeria 2013,2,n/a,n/a,n/a
,best a level schools in nigeria,2,n/a,n/a,n/a
,international secondary schools in nigeria,2,n/a,n/a,n/a
,pictures of schools in nigeria,2,n/a,n/a,n/a
,best secondary school in nigeria 2013,2,n/a,n/a,n/a
,chrisland college,2,0,10,0
,richest university in nigeria,2,n/a,n/a,n/a
,the most expensive university in nigeria,2,0,10,0
,secondary schools in nigeria websites,2,n/a,n/a,n/a
,loyola jesuit college curriculum,2,n/a,n/a,n/a
,loyola jesuit college port harcourt,2,n/a,n/a,n/a
,preparation for loyola jesuit entrance exam,2,n/a,n/a,n/a
,"loyola jesuit college, abuja abuja",2,n/a,n/a,n/a
,loyola jesuit college joe stanis okoye,2,n/a,n/a,n/a
,primary school fees in nigeria,2,0,10,0
,cost of school in nigeria,2,n/a,n/a,n/a
,affordable boarding schools in lagos,2,n/a,n/a,n/a
,how much is honeyland school fees,2,n/a,n/a,n/a
,norwegian international school port harcourt port harcourt,2,n/a,n/a,n/a
,brainfield secondary school port harcourt,2,0,10,0
,greenoak international school port harcourt,2,n/a,n/a,n/a
,list of government secondary schools in port harcourt,2,n/a,n/a,n/a
,port harcourt international school,2,n/a,n/a,n/a
,bloombreed high school port harcourt,2,n/a,n/a,n/a
,education in nigeria today,2,0,10,0
,nigerian education facts,2,0,10,0
,education in nigeria statistics,2,0,10,0
,history of nigerian education system,2,n/a,n/a,n/a
,nigeria education problems,2,0,10,1
,history of education in nigeria pdf,2,0,10,0
,"government secondary school, garki abuja",2,n/a,n/a,n/a
,government science secondary school abuja,2,n/a,n/a,n/a
,private secondary schools in garki abuja,2,n/a,n/a,n/a
,fct government secondary schools,2,n/a,n/a,n/a
,government secondary school kubwa abuja,2,n/a,n/a,n/a
,top 200 best secondary schools in nigeria,2,n/a,n/a,n/a
,most expensive secondary schools in kano,2,n/a,n/a,n/a
,most expensive university in nigeria,2,0,10,0
,best primary schools in ikeja,2,n/a,n/a,n/a
,highest primary school in nigeria,2,n/a,n/a,n/a
,top 10 primary schools in port harcourt,2,n/a,n/a,n/a
,international schools in port harcourt,2,n/a,n/a,n/a
,a level schools in ibadan,2,0,10,0
,a level schools in abuja,2,n/a,n/a,n/a
,a level schools in lekki lagos,2,n/a,n/a,n/a
,d-ivy college,2,0,10,1
,sixth form colleges in lagos,2,n/a,n/a,n/a
,oxbridge tutorial college,2,0,10,0
,westerfield college,2,0,10,0
,bridge house college,2,0,10,0
,international schools in ikeja,2,n/a,n/a,n/a
,international schools in abuja,2,n/a,n/a,n/a
,top 1000 secondary schools in nigeria,2,n/a,n/a,n/a
,best public secondary school in akure,2,n/a,n/a,n/a
,temple school fees,2,n/a,n/a,n/a
,dansol nursery & primary school fees,2,n/a,n/a,n/a
,avi-cenna international school fees,2,n/a,n/a,n/a
,top 10 best secondary schools in benue state,2,n/a,n/a,n/a
,top 10 schools in waec 2017,2,n/a,n/a,n/a
,best school waec result 2018,2,n/a,n/a,n/a
,chrisland schools vacancies 2018,2,n/a,n/a,n/a
,chrisland school festac,2,0,10,0
,chrisland school opebi ikeja ikeja,2,n/a,n/a,n/a
,chrisland school ikeja fees,2,n/a,n/a,n/a
,chrisland school calendar,2,n/a,n/a,n/a
,chrisland school abuja,2,n/a,n/a,n/a
,schools in lagos island,2,n/a,n/a,n/a
,schools in victoria island lagos,2,n/a,n/a,n/a
,nigeria schools,2,0,10,0
,ikeja grammar school address,2,0,10,0
,indian language school lagos fees,2,0,10,0
,list of lagos state model colleges,2,0,10,0
,universities near lagos state lekki,2,0,10,0
,www.schoolsin.com,2,0,10,0
,christian secondary schools in nigeria,2,n/a,n/a,n/a
,high schools in nigeria,2,n/a,n/a,n/a
,list of schools in nigeria,2,n/a,n/a,n/a
,schools nigeria,2,n/a,n/a,n/a
,high school in nigeria,2,0,10,1
,nigeria high school,2,n/a,n/a,n/a
,best primary school in nigeria,2,n/a,n/a,n/a
,chrisland school entrance exam,2,n/a,n/a,n/a
,chrisland college idimu nigeria,2,n/a,n/a,n/a
,most expensive private university in nigeria 2018,2,n/a,n/a,n/a
,best university in nigeria,2,0,10,1
,richest federal university in nigeria,2,n/a,n/a,n/a
,best university in nigeria 2018,2,n/a,n/a,n/a
,most expensive federal university in nigeria,2,n/a,n/a,n/a
,most expensive state university in nigeria,2,n/a,n/a,n/a
,smallest university in nigeria,2,n/a,n/a,n/a
,most expensive private university in nigeria 2017,2,n/a,n/a,n/a
,the best private university in nigeria,2,n/a,n/a,n/a
,most expensive university in nigeria 2019,2,n/a,n/a,n/a
,d cheapest private university in nigeria,2,n/a,n/a,n/a
,list of boarding secondary schools in lagos,2,n/a,n/a,n/a
,list of universities in nigeria,2,0,10,0
,school name search in nigeria,2,n/a,n/a,n/a
,education in nigeria,2,11,50,46.85480075
,names of private schools in nigeria,2,n/a,n/a,n/a
,best primary schools in lagos mainland,2,n/a,n/a,n/a
,top 50 best schools in nigeria,2,0,10,0
,lagos state model primary school,2,n/a,n/a,n/a
,best montessori schools in lagos,2,n/a,n/a,n/a
,list of catholic primary schools in lagos,2,n/a,n/a,n/a
,names of schools in lagos state,2,n/a,n/a,n/a
,federal boarding schools in lagos,2,n/a,n/a,n/a
,best school in nigeria 2018,2,n/a,n/a,n/a
,best schools in lagos island,2,n/a,n/a,n/a
,lagos state model college lagos,2,n/a,n/a,n/a
,british international school lagos fees,2,0,10,0
,trinity school nigeria,2,n/a,n/a,n/a
,private boarding schools in lagos,2,n/a,n/a,n/a
,top 150 best secondary schools in nigeria,2,n/a,n/a,n/a
,best government school in lagos state,2,n/a,n/a,n/a
,nursery schools in lagos,2,n/a,n/a,n/a
,names of private primary schools in nigeria,2,n/a,n/a,n/a
,schools in ikeja gra,2,n/a,n/a,n/a
,grenville school ikeja,2,n/a,n/a,n/a
,secondary schools in oregun,2,n/a,n/a,n/a
,grange school ikeja,2,0,10,0
,temple school lagos,2,n/a,n/a,n/a
,dansol high school,2,0,10,0
,education in lagos,2,0,10,0
,list of private primary schools in ikorodu,2,n/a,n/a,n/a
,british schools in lagos,2,n/a,n/a,n/a
,total number of secondary schools in lagos state,2,n/a,n/a,n/a
,top 10 private schools in lagos,2,n/a,n/a,n/a
,list of secondary schools in ojo local government,2,n/a,n/a,n/a
,list of private secondary schools in victoria island lagos,2,n/a,n/a,n/a
,standard secondary schools in lagos,2,n/a,n/a,n/a
,greensprings school,2,0,10,0
,list of international schools in nigeria,2,n/a,n/a,n/a
,list of expensive schools in lagos,2,n/a,n/a,n/a
,list of british schools in lagos,2,n/a,n/a,n/a
,list of private schools in apapa lagos,2,n/a,n/a,n/a
,missionary schools in lagos,2,n/a,n/a,n/a
,best primary schools in lagos state,2,n/a,n/a,n/a
,is there school today in lagos state,2,n/a,n/a,n/a
,lagos state ministry of education,2,0,10,0
,list of government secondary schools in ikorodu,2,n/a,n/a,n/a
,list of catholic secondary schools in lagos state,2,n/a,n/a,n/a
,lagos state ministry of education alausa ikeja,2,n/a,n/a,n/a
,lagos state ministry of education school calendar 2018/2019 pdf,2,n/a,n/a,n/a
,best model college in lagos state,2,n/a,n/a,n/a
,list of government secondary schools in surulere,2,n/a,n/a,n/a
,lagos state ministry of education examinations board,2,n/a,n/a,n/a
,lagos school news,2,n/a,n/a,n/a
,lagos state secondary school syllabus,2,n/a,n/a,n/a
,list of public secondary schools in alimosho,2,n/a,n/a,n/a
,federal ministry of education lagos,2,n/a,n/a,n/a
,lagos schools online schools,2,n/a,n/a,n/a
,lagos state ministry of education recruitment,2,0,10,0
,list of public secondary schools in nigeria,2,n/a,n/a,n/a
,american international school lagos kidnapping,2,n/a,n/a,n/a
,international school lagos portugal,2,n/a,n/a,n/a
,lagos elementary school,2,0,10,0
,lagos school collapse,2,0,10,0
,lagos school calendar,2,n/a,n/a,n/a
,lagos elementary school manor tx,2,0,10,0
,lagos elementary staff,2,n/a,n/a,n/a
,list of boarding schools in ikeja,2,n/a,n/a,n/a
,school vacancies in ikeja,2,n/a,n/a,n/a
,school directory in nigeria,2,n/a,n/a,n/a
,new schools in lagos,2,n/a,n/a,n/a
,private schools in lagos island,2,n/a,n/a,n/a
,lekki british school,2,0,10,1
,lagos preparatory school,2,0,10,0
,lagoon secondary school lagos,2,n/a,n/a,n/a
,chrisland schools,2,0,10,0
,top 20 secondary schools in anambra state,2,n/a,n/a,n/a
,most expensive schools in anambra state,2,n/a,n/a,n/a
,best secondary schools in south east nigeria,2,n/a,n/a,n/a
,regina pacis model secondary school onitsha onitsha,2,n/a,n/a,n/a
,british spring college awka,2,0,10,0
,grundtvig international secondary school oba,2,0,10,0
,catholic schools in ogun state,2,n/a,n/a,n/a
,cheap boarding schools in ogun state,2,n/a,n/a,n/a
,oldest secondary school in ogun state,2,n/a,n/a,n/a
,universities nigeria,2,n/a,n/a,n/a
,primary schools in nigeria,2,0,10,1
,nursing schools nigeria,2,n/a,n/a,n/a
,colleges nigeria,2,n/a,n/a,n/a
,catholic schools in lekki,2,n/a,n/a,n/a
,private primary schools in nigeria,2,n/a,n/a,n/a
,best secondary schools in ogun state,2,n/a,n/a,n/a
,home lessons in nigeria,2,n/a,n/a,n/a
,entertainment schools in nigeria,2,n/a,n/a,n/a
,mea mater meaning,2,n/a,n/a,n/a
,private secondary school in nigeria,2,n/a,n/a,n/a
,technical secondary schools in nigeria,2,n/a,n/a,n/a
,curriculum for secondary schools in nigeria,2,n/a,n/a,n/a
,the secondary schools in nigeria,2,n/a,n/a,n/a
,list special schools in nigeria,2,n/a,n/a,n/a
,best secondary schools in ibadan,2,n/a,n/a,n/a
,art schools in nigeria,2,0,10,0
,aviation schools in nigeria,2,n/a,n/a,n/a
,it training in nigeria,2,n/a,n/a,n/a
,rating of secondary schools in nigeria,2,n/a,n/a,n/a
,list of top secondary schools in nigeria,2,n/a,n/a,n/a
,top 10 secondary schools in nigeria 2011,2,n/a,n/a,n/a
,best secondary schools in nigeria 2010,2,n/a,n/a,n/a
,best secondary school in nigeria 2011,2,n/a,n/a,n/a
,schools africa,2,0,10,0
,mea mater students information,2,n/a,n/a,n/a
,mmehs portal,2,n/a,n/a,n/a
,www mmehs com school portal,2,n/a,n/a,n/a
,pine crest school enugu,2,0,10,0
,mmehs calendar,2,n/a,n/a,n/a
,top 10 best secondary schools in enugu,2,n/a,n/a,n/a
,top 100 secondary schools in nigeria,2,n/a,n/a,n/a
,good secondary schools in nigeria,2,n/a,n/a,n/a
,secondary schools in lekki,2,n/a,n/a,n/a
,federal secondary schools in nigeria,2,0,10,0
,number of secondary schools in nigeria,2,n/a,n/a,n/a
,catholic secondary schools in nigeria,2,n/a,n/a,n/a
,british schools in abuja,2,n/a,n/a,n/a
,most expensive schools in abuja,2,n/a,n/a,n/a
,schools in utako abuja,2,n/a,n/a,n/a
,kings and queens high school,2,n/a,n/a,n/a
,kings and queens high school uyo,2,n/a,n/a,n/a
,king's college lagos school fees,2,n/a,n/a,n/a
,king's college school fees nigeria,2,n/a,n/a,n/a
,king's college lagos schools nigeria,2,n/a,n/a,n/a
,nigerian secondary school curriculum,2,n/a,n/a,n/a
,oldest primary school in nigeria,2,0,10,0
,first private primary school in nigeria,2,n/a,n/a,n/a
,oldest secondary school in igboland,2,n/a,n/a,n/a
,oldest university in nigeria,2,51,100,64.12552706
,oldest secondary school in rivers state,2,n/a,n/a,n/a
,baptist academy lagos,2,n/a,n/a,n/a
,top 50 oldest secondary school in nigeria,2,n/a,n/a,n/a
,abeokuta grammar school,2,0,10,0
,colleges in nigeria,2,0,10,0
,special schools in nigeria and their locations,2,n/a,n/a,n/a
,special needs schools in nigeria,2,n/a,n/a,n/a
,history of primary education in nigeria,2,n/a,n/a,n/a
,best government secondary school in abuja,2,n/a,n/a,n/a
,private primary schools in ibadan,2,n/a,n/a,n/a
,list of approved schools in rivers state,2,n/a,n/a,n/a
,list of illegal schools in rivers state,2,n/a,n/a,n/a
,list of unapproved schools in rivers state,2,n/a,n/a,n/a
,secondary schools in igwuruta,2,n/a,n/a,n/a
,ten best secondary schools in rivers state,2,n/a,n/a,n/a
,names of secondary schools in lagos,2,n/a,n/a,n/a
,christian secondary schools in lagos,2,n/a,n/a,n/a
,private secondary schools in lagos and address,2,n/a,n/a,n/a
,private primary and secondary schools in lagos,2,n/a,n/a,n/a
,boarding secondary schools in lagos nigeria,2,n/a,n/a,n/a
,secondary schools with boarding facilities in lagos,2,n/a,n/a,n/a
,secondary schools in lekki lagos,2,n/a,n/a,n/a
,it schools in lagos,2,n/a,n/a,n/a
,private schools lagos,2,n/a,n/a,n/a
,international schools in lagos state,2,n/a,n/a,n/a
,private schools in lagos state,2,n/a,n/a,n/a
,primary schools in lagos,2,0,10,0
,primary schools in lagos state,2,n/a,n/a,n/a
,list of schools in lagos island,2,n/a,n/a,n/a
,top primary schools in lagos,2,n/a,n/a,n/a
,top 10 primary schools in lagos,2,n/a,n/a,n/a
,top islamic schools in lagos,2,n/a,n/a,n/a
,private schools in lagos nigeria,2,0,10,0
,list of international schools in lagos nigeria,2,n/a,n/a,n/a
,private schools in lagos state nigeria,2,n/a,n/a,n/a
,lists of schools in lagos,2,n/a,n/a,n/a
,primary schools in lagos nigeria,2,n/a,n/a,n/a
,lagos state private schools registration,2,n/a,n/a,n/a
,registered schools in lagos,2,n/a,n/a,n/a
,schools in maryland lagos,2,n/a,n/a,n/a
,lists of private schools in lagos,2,n/a,n/a,n/a
,nigerian private schools in lagos,2,n/a,n/a,n/a
,list of schools in victoria island lagos,2,n/a,n/a,n/a
,private schools in victoria island lagos,2,n/a,n/a,n/a
,schools in lagos mainland,2,n/a,n/a,n/a
,list of schools in lekki lagos,2,n/a,n/a,n/a
,schools in lekki lagos nigeria,2,n/a,n/a,n/a
,lolad schools lagos,2,n/a,n/a,n/a
,private schools in surulere lagos,2,n/a,n/a,n/a
,schools in lagos ikoyi,2,n/a,n/a,n/a
,schools in ikoyi lagos,2,n/a,n/a,n/a
,abbot dayspring schools lagos,2,n/a,n/a,n/a
,schools in ipaja lagos,2,n/a,n/a,n/a
,stars international school ikorodu,2,n/a,n/a,n/a
,awesome college ilupeju lagos,1,0,10,0
,stars international college ikorodu,1,n/a,n/a,n/a
,www whitesands org ng,1,n/a,n/a,n/a
,private secondary schools in lekki,1,0,10,0
,lagoon school lagos fees,1,n/a,n/a,n/a
,queenscollegelagos.com,1,n/a,n/a,n/a
,cms grammar school lagos nigeria,1,n/a,n/a,n/a
,louisville girls high school nigeria,1,n/a,n/a,n/a
,waec ranking of secondary schools in nigeria,1,n/a,n/a,n/a
,schools with best waec results in nigeria,1,n/a,n/a,n/a
,top 20 secondary schools,1,n/a,n/a,n/a
,whitesands school enugu,1,n/a,n/a,n/a
,british curriculum schools in nigeria,1,n/a,n/a,n/a
,international boarding schools in nigeria,1,n/a,n/a,n/a
,christian secondary schools in abuja,1,n/a,n/a,n/a
,list of secondary schools in anambra state,1,n/a,n/a,n/a
,best secondary school in west africa,1,n/a,n/a,n/a
,list of private secondary schools in anambra state,1,n/a,n/a,n/a
,names of boarding schools in abuja,1,n/a,n/a,n/a
,top 10 best public secondary school in ogun state,1,n/a,n/a,n/a
,corona secondary school nigeria,1,0,10,0
,vivian fowler founder,1,n/a,n/a,n/a
,list of private secondary schools in abuja,1,n/a,n/a,n/a
,list education in lagos,1,n/a,n/a,n/a
,list of schools in nigeria wikipedia on ask,1,n/a,n/a,n/a
,schools in abule egba,1,0,10,0
,private secondary school in lagos,1,n/a,n/a,n/a
,list of schools in lekki,1,n/a,n/a,n/a
,private schools in victoria island,1,n/a,n/a,n/a
,delightsome land school,1,n/a,n/a,n/a
,oneal school lagos,1,n/a,n/a,n/a
,schools in victoria island,1,n/a,n/a,n/a
,jubril martins memorial grammar school,1,0,10,0
,maryland comprehensive secondary school ikeja lagos,1,n/a,n/a,n/a
,maryland comprehensive secondary school lagos,1,n/a,n/a,n/a
,private schools in ogba,1,n/a,n/a,n/a
,greenspring school lagos fees,1,n/a,n/a,n/a
,global college lagos,1,n/a,n/a,n/a
,lagos state technical colleges,1,n/a,n/a,n/a
,first logic ikeja,1,n/a,n/a,n/a
,bachel group of schools,1,n/a,n/a,n/a
,first logic lagos,1,0,10,0
,corona school lagos nigeria,1,n/a,n/a,n/a
,wikipedia lagos,1,0,10,0
,lebanese girls in lagos,1,n/a,n/a,n/a
,schools in ikeja,1,n/a,n/a,n/a
,greensprings school lagos fees,1,n/a,n/a,n/a
,best schools in lekki,1,n/a,n/a,n/a
,ikeja girls,1,n/a,n/a,n/a
,baptist model high school,1,n/a,n/a,n/a
,language schools in nigeria,1,n/a,n/a,n/a
,private schools in iyana ipaja,1,n/a,n/a,n/a
,lagos state ministry of education districts,1,n/a,n/a,n/a
,methodist ministries on louis pasteur,1,n/a,n/a,n/a
,bizben high school,1,0,10,0
,10 best secondary schools in lagos,1,n/a,n/a,n/a
,top 10 best schools in lagos,1,n/a,n/a,n/a
,best fashion schools in lagos,1,n/a,n/a,n/a
,best primary schools in lagos nigeria,1,n/a,n/a,n/a
,best makeup schools in lagos,1,n/a,n/a,n/a
,islamic secondary schools in lagos,1,n/a,n/a,n/a
,best catering schools in lagos,1,n/a,n/a,n/a
,islamic secondary schools in lagos nigeria,1,n/a,n/a,n/a
,lagos state ministry of education scheme of work for secondary schools,1,n/a,n/a,n/a
,private secondary schools in lagos and their addresses,1,n/a,n/a,n/a
,anglican secondary schools in lagos,1,n/a,n/a,n/a
,private secondary schools in ikeja lagos,1,n/a,n/a,n/a
,private secondary schools in lekki lagos,1,n/a,n/a,n/a
,secondary schools in surulere lagos,1,n/a,n/a,n/a
,business schools in lagos,1,n/a,n/a,n/a
,media schools in lagos,1,n/a,n/a,n/a
,music schools in lagos,1,n/a,n/a,n/a
,film schools in lagos,1,n/a,n/a,n/a
,a level schools in lagos,1,n/a,n/a,n/a
,international schools lagos,1,n/a,n/a,n/a
,it training schools in lagos,1,n/a,n/a,n/a
,art schools in lagos,1,n/a,n/a,n/a
,business management schools in lagos,1,n/a,n/a,n/a
,schools for sale in lagos,1,n/a,n/a,n/a
,computer schools in lagos,1,n/a,n/a,n/a
,list of business schools in lagos,1,n/a,n/a,n/a
,film schools in lagos state,1,n/a,n/a,n/a
,list of music schools in lagos,1,n/a,n/a,n/a
,top international schools in lagos,1,n/a,n/a,n/a
,event management schools in lagos,1,n/a,n/a,n/a
,french schools in lagos,1,n/a,n/a,n/a
,part time schools in lagos,1,n/a,n/a,n/a
,top computer schools in lagos,1,n/a,n/a,n/a
,lagos private schools online,1,n/a,n/a,n/a
,events management schools in lagos,1,n/a,n/a,n/a
,fashion schools lagos,1,n/a,n/a,n/a
,fashion schools in lagos,1,0,10,0
,computer training schools in lagos,1,n/a,n/a,n/a
,good fashion schools in lagos,1,n/a,n/a,n/a
,voice training schools in lagos,1,n/a,n/a,n/a
,standard private schools in lagos,1,n/a,n/a,n/a
,dance schools in lagos,1,n/a,n/a,n/a
,list of fashion schools in lagos,1,n/a,n/a,n/a
,fashion design schools in lagos,1,n/a,n/a,n/a
,international primary schools in lagos,1,n/a,n/a,n/a
,business schools in lagos nigeria,1,n/a,n/a,n/a
,schools of photography in lagos,1,n/a,n/a,n/a
,fashion training schools lagos,1,n/a,n/a,n/a
,music schools in lagos nigeria,1,n/a,n/a,n/a
,film schools in lagos nigeria,1,n/a,n/a,n/a
,a level schools in lagos nigeria,1,n/a,n/a,n/a
,international schools in nigeria lagos,1,n/a,n/a,n/a
,international schools lagos nigeria,1,0,10,0
,art schools in lagos nigeria,1,n/a,n/a,n/a
,cake schools in lagos,1,n/a,n/a,n/a
,computer schools in lagos nigeria,1,n/a,n/a,n/a
,list of business schools in lagos nigeria,1,n/a,n/a,n/a
,top event planning schools in lagos,1,n/a,n/a,n/a
,fashion schools in lagos island,1,n/a,n/a,n/a
,driving schools in lagos,1,n/a,n/a,n/a
,schools of interior design in lagos,1,n/a,n/a,n/a
,french schools in lagos nigeria,1,n/a,n/a,n/a
,lagos state schools debate,1,n/a,n/a,n/a
,fashion schools in nigeria lagos,1,n/a,n/a,n/a
,fashion schools in lagos nigeria,1,n/a,n/a,n/a
,cake training schools in lagos,1,n/a,n/a,n/a
,computer training schools in lagos nigeria,1,n/a,n/a,n/a
,makeup schools in lagos,1,n/a,n/a,n/a
,makeup schools lagos,1,n/a,n/a,n/a
,fashion schools in lagos state nigeria,1,n/a,n/a,n/a
,graphic schools in lagos,1,n/a,n/a,n/a
,makeup schools in lagos state,1,n/a,n/a,n/a
,french language schools in lagos nigeria,1,n/a,n/a,n/a
,aviation schools in lagos,1,n/a,n/a,n/a
,skin care training schools in lagos nigeria,1,n/a,n/a,n/a
,makeup training schools in lagos,1,n/a,n/a,n/a
,aviation schools in lagos state,1,n/a,n/a,n/a
,driving schools in lagos nigeria,1,n/a,n/a,n/a
,lagos state scheme of work for primary schools,1,n/a,n/a,n/a
,expensive private schools in lagos,1,n/a,n/a,n/a
,video editing schools in lagos,1,0,10,0
,teaching jobs in lagos private schools,1,n/a,n/a,n/a
,teaching jobs lagos private schools,1,n/a,n/a,n/a
,affordable fashion schools in lagos,1,n/a,n/a,n/a
,interior design schools in lagos nigeria,1,n/a,n/a,n/a
,aviation training schools in lagos,1,n/a,n/a,n/a
,schools in satellite town lagos,1,n/a,n/a,n/a
,stanley schools lagos,1,n/a,n/a,n/a
,makeup schools in lagos nigeria,1,n/a,n/a,n/a
,fashion designers schools in lagos,1,n/a,n/a,n/a
,nursing schools in lagos nigeria,1,n/a,n/a,n/a
,fashion schools in maryland lagos,1,n/a,n/a,n/a
,aviation schools in lagos nigeria,1,0,10,0
,aviation schools in nigeria lagos,1,n/a,n/a,n/a
,schools for lease in lagos,1,n/a,n/a,n/a
,cake making schools lagos,1,n/a,n/a,n/a
,cake making schools in lagos,1,n/a,n/a,n/a
,primary schools in victoria island lagos,1,n/a,n/a,n/a
,acting schools in lagos,1,n/a,n/a,n/a
,schools in lago vista,1,n/a,n/a,n/a
,lago vista schools,1,0,10,0
,public speaking schools in lagos,1,n/a,n/a,n/a
,certified music schools in lagos state nigeria,1,n/a,n/a,n/a
,certified driving schools in lagos,1,n/a,n/a,n/a
,acting schools in lagos nigeria,1,n/a,n/a,n/a
,schools in lagos portugal,1,n/a,n/a,n/a
,culinary schools in lagos,1,n/a,n/a,n/a
,top culinary schools in lagos,1,n/a,n/a,n/a
,performing arts schools in lagos,1,n/a,n/a,n/a
,bella lago schools,1,n/a,n/a,n/a
,music schools in lagos mainland,1,n/a,n/a,n/a
,lago vista tx schools,1,0,10,0
,fashion schools in lagos mainland,1,n/a,n/a,n/a
,vacancies in schools in lagos,1,n/a,n/a,n/a
,job vacancies in schools in lagos,1,n/a,n/a,n/a
,approved driving schools in lagos,1,n/a,n/a,n/a
,current vacancies in schools in lagos,1,n/a,n/a,n/a
,nursery primary schools lagos,1,n/a,n/a,n/a
,nursery and primary schools in lagos,1,n/a,n/a,n/a
,vacancies in private schools in lagos,1,n/a,n/a,n/a
,catering schools in lagos,1,n/a,n/a,n/a
,approved aviation schools in lagos,1,n/a,n/a,n/a
,list of catering schools in lagos,1,n/a,n/a,n/a
,nursery and primary schools in lagos nigeria,1,n/a,n/a,n/a
,fashion designing schools in lagos,1,n/a,n/a,n/a
,catering and hotel management schools in lagos,1,n/a,n/a,n/a
,catering schools in lagos nigeria,1,n/a,n/a,n/a
,catering schools in lagos and their fees,1,n/a,n/a,n/a
,teaching vacancies in lagos private schools,1,n/a,n/a,n/a
,nursery schools in victoria island lagos,1,n/a,n/a,n/a
,boarding schools in lagos,1,n/a,n/a,n/a
,catering schools in victoria island lagos,1,n/a,n/a,n/a
,boarding schools in nigeria lagos,1,n/a,n/a,n/a
,vocational schools in lagos,1,n/a,n/a,n/a
,cheap boarding schools in lagos,1,0,10,0
,vocational training schools in lagos,1,n/a,n/a,n/a
,interior decorating schools in lagos,1,n/a,n/a,n/a
,cake decorating schools in lagos,1,n/a,n/a,n/a
,corona schools lagos,1,n/a,n/a,n/a
,grange schools lagos nigeria,1,n/a,n/a,n/a
,idea public schools tres lagos,1,0,10,1
,montessori schools in lagos,1,n/a,n/a,n/a
,montessori schools in lagos state,1,n/a,n/a,n/a
,list of montessori schools in lagos,1,n/a,n/a,n/a
,montessori training schools in lagos,1,n/a,n/a,n/a
,montessori training schools in lagos nigeria,1,n/a,n/a,n/a
,confectionery schools in lagos,1,n/a,n/a,n/a
,tailoring schools in lagos,1,n/a,n/a,n/a
,catering schools in lagos ikeja,1,n/a,n/a,n/a
,national association of proprietors of private schools lagos,1,n/a,n/a,n/a
,schools in lekki lagos,1,n/a,n/a,n/a
,private schools in lekki lagos,1,n/a,n/a,n/a
,primary schools in lekki lagos,1,n/a,n/a,n/a
,greensprings schools lagos,1,n/a,n/a,n/a
,querencia schools lagos,1,n/a,n/a,n/a
,girls' schools in lagos,1,n/a,n/a,n/a
,honeyland schools lagos nigeria,1,n/a,n/a,n/a
,greensprings schools lagos nigeria,1,0,10,0
,make-up schools in lagos nigeria,1,n/a,n/a,n/a
,nursery schools in lekki lagos,1,n/a,n/a,n/a
,catering schools in lekki lagos,1,n/a,n/a,n/a
,schools in surulere lagos,1,n/a,n/a,n/a
,primary schools in surulere lagos,1,n/a,n/a,n/a
,driving schools in surulere lagos,1,n/a,n/a,n/a
,catering schools in surulere lagos,1,n/a,n/a,n/a
,montessori schools in lekki lagos,1,n/a,n/a,n/a
,private schools in ikoyi lagos,1,n/a,n/a,n/a
,nursery schools in ikoyi lagos,1,n/a,n/a,n/a
,schools in ikorodu lagos,1,n/a,n/a,n/a
,schools in ajah lagos,1,n/a,n/a,n/a
,nursery and primary schools in ajah lagos,1,n/a,n/a,n/a
,schools in ojota lagos,1,n/a,n/a,n/a
,private schools in okota lagos,1,0,10,0
,greenspring schools lagos,1,n/a,n/a,n/a
,private secondary schools in ikeja,1,n/a,n/a,n/a
,best secondary schools,1,0,10,0
,lagos,1,11501,30300,23271.58655
,isolo,1,0,10,1
,cms grammar school,1,0,10,0
,agege,1,11,50,38.68984882
,badagry,1,0,10,10.5370846
,apapa,1,101,200,101.6055892
,university of ife,1,0,10,0
,festac,1,0,10,0
,nigerian capital,1,51,100,73.16401442
,winneba,1,11,50,23.54436116
,ikeja,1,11,50,16.71429414
,nigerian football club,1,0,10,0
,federal government college,1,0,10,0
,makurdi,1,101,200,152.5033898
,ikoyi,1,11,50,27.24240562
,surulere,1,101,200,173.8377777
,nigerian city,1,51,100,73.16401442
,abakaliki,1,0,10,0
,benin city,1,201,500,346.2539619
,ughelli,1,0,10,0
,uyo,1,501,850,677.3783603
,ikot ekpene,1,0,10,1
,ekpene,1,n/a,n/a,n/a
,adisadel college,1,0,10,0
,adisadel,1,0,10,0
,kafanchan,1,0,10,0
,ibadan,1,501,850,717.3484223
,osun state,1,11,50,27.24240562
,warri,1,501,850,520.7585902
,egbaland,1,51,100,64.12552706
,awka,1,11,50,23.54436116
,university of ibadan,1,201,500,370.5235934
,funtua,1,11,50,23.54436116
,prempeh college,1,0,10,10.5370846
,ogbomoso,1,101,200,111.4695512
,the federal university of technology,1,n/a,n/a,n/a
,federal university of technology,1,0,10,1
,state of nigeria,1,0,10,0
,port harcourt,1,851,1700,990.5589802
,fourah bay college,1,11,50,27.24240562
,obafemi awolowo university,1,201,500,358.3577746
,sekondi-takoradi,1,0,10,10.5370846
,benin republic,1,501,850,507.9700856
,orlu,1,11,50,23.54436116
,ogun state,1,101,200,163.1089219
,the university of benin,1,n/a,n/a,n/a
,achimota school,1,0,10,0
,cape coast,1,101,200,101.6055892
,lekki,1,0,10,10.5370846
,cross river state,1,11,50,27.24240562
,achimota,1,0,10,10.5370846
,southwestern nigeria,1,0,10,1
,yaba,1,851,1700,1345.080696
,ijebu-ode,1,n/a,n/a,n/a
,kontagora,1,51,100,73.16401442
,abeokuta,1,201,500,432.2209725
,nsukka,1,51,100,64.12552706
,oyo state,1,51,100,82.43667792
,ikorodu,1,201,500,229.1262897
,akwa ibom state,1,51,100,64.12552706
,igbobi,1,n/a,n/a,n/a
,igbobi college,1,0,10,0
,the university of ife,1,n/a,n/a,n/a
,the western region,1,0,10,1
,the greater accra region,1,n/a,n/a,n/a
,ajegunle,1,0,10,1
,university of calabar,1,11,50,27.24240562
,the university of calabar,1,n/a,n/a,n/a
,calabar,1,851,1700,921.2614825
,the ashanti region,1,n/a,n/a,n/a
,teshie,1,0,10,0
,onitsha,1,201,500,370.5235934
,uturu,1,0,10,0
,festac town,1,11,50,23.54436116
,imo state,1,11,50,46.85480075
